year,week_of_year,calls_offered_last_year,calls_offered_avg_last_year,year,week_of_year,calls_handled,calls_abandoned,avg_speed_answer,avg_handle_time,avg_talk,avg_acw,service_level,avg_abandon_time,max_wait_time,day_of_year,day_of_week,calls_offered_last_year,calls_offered_avg_last_year,month_August,month_December,month_February,month_January,month_July,month_June,month_March,month_May,month_November,month_October,month_September,week_day_Monday,week_day_Saturday,week_day_Sunday,week_day_Thursday,week_day_Tuesday,week_day_Wednesday,calls_offered_actual,calls_offered_predicted
2022,50,0.0,0.0,2022,50,1132.0,26.0,57.0,598.5,514.0,84.325,89.37,96.5,517.0,343,4,0.0,0.0,False,True,False,False,False,False,False,False,False,False,False,False,False,False,False,False,False,1167.0,1168.157437657122
2024,20,975.0,1127.826923076923,2024,20,749.0,28.0,59.0,817.0,711.5,105.5,0.87905,156.0,648.0,135,1,975.0,1127.826923076923,False,False,False,False,False,False,False,True,False,False,False,False,False,False,False,True,False,783.0,784.3284317312234
2023,23,1246.0,1296.8461538461538,2023,23,929.0,8.0,20.0,552.0,470.5,81.11,0.97535,105.5,440.5,158,2,1246.0,1296.8461538461538,False,False,False,False,False,True,False,False,False,False,False,False,False,False,False,False,True,945.0,944.6939409282736
2023,26,1146.0,1205.7115384615386,2023,26,986.0,4.0,17.5,438.0,366.0,72.115,0.9812,15.0,380.0,180,3,1146.0,1205.7115384615386,False,False,False,False,False,True,False,False,False,False,False,False,False,False,True,False,False,1002.0,998.2272730509375
2023,46,1385.0,1438.5961538461538,2023,46,908.0,7.0,30.33333333,708.3333333,631.3333333,77.56333333,0.9481,47.0,266.6666667,318,1,1385.0,1438.5961538461538,False,False,False,False,False,False,False,False,True,False,False,False,False,False,False,True,False,927.0,923.8045564460535
2022,21,0.0,0.0,2022,21,1215.0,9.0,28.0,579.5,508.0,71.48,95.62,48.5,290.0,137,1,0.0,0.0,False,False,False,False,False,False,False,True,False,False,False,False,False,False,False,True,False,1233.0,1233.4246956127522
2022,32,0.0,0.0,2022,32,1014.0,380.0,500.0,638.5,550.0,88.465,23.04,328.5,1863.0,214,1,0.0,0.0,True,False,False,False,False,False,False,False,False,False,False,False,False,False,False,True,False,1404.0,1402.227129442676
2022,25,0.0,0.0,2022,25,0.0,0.0,0.0,0.0,0.0,0.0,0.0,0.0,0.0,169,5,0.0,0.0,False,False,False,False,False,True,False,False,False,False,False,False,True,False,False,False,False,0.0,-0.1483862299475902
2022,14,0.0,0.0,2022,14,1666.0,76.0,83.5,596.0,511.5,84.165,81.84,154.0,651.5,87,0,0.0,0.0,False,False,False,False,False,False,True,False,False,False,False,True,False,False,False,False,False,1758.0,1756.1781974084502
2022,42,0.0,0.0,2022,42,0.0,0.0,0.0,0.0,0.0,0.0,0.0,0.0,0.0,282,6,0.0,0.0,False,False,False,False,False,False,False,False,False,True,False,False,False,True,False,False,False,0.0,0.09136598976033383
2023,31,0.0,0.0,2023,31,0.0,0.0,0.0,0.0,0.0,0.0,0.0,0.0,0.0,211,6,0.0,0.0,False,False,False,False,True,False,False,False,False,False,False,False,False,True,False,False,False,0.0,-0.2562803335398769
2022,11,0.0,0.0,2022,11,1469.0,45.0,82.0,576.0,497.5,78.12,81.46,90.0,507.0,68,2,0.0,0.0,False,False,False,False,False,False,True,False,False,False,False,False,False,False,False,False,True,1527.0,1525.7530720059954
2024,1,0.0,1158.1153846153845,2024,1,128.0,8.0,24.0,614.0,513.0,101.0,0.8971,1262.5,2571.0,1,0,0.0,1158.1153846153845,False,False,False,True,False,False,False,False,False,False,False,True,False,False,False,False,False,139.0,140.51898457201446
2024,32,1040.0,885.1346153846154,2024,32,669.0,17.0,37.0,809.0,731.0,78.0,0.9,76.0,530.0,222,4,1040.0,885.1346153846154,True,False,False,False,False,False,False,False,False,False,False,False,False,False,False,False,False,690.0,692.2609406734202
2023,31,1061.0,0.09433962264150944,2023,31,0.0,0.0,0.0,0.0,0.0,0.0,0.0,0.0,0.0,217,5,1061.0,0.09433962264150944,True,False,False,False,False,False,False,False,False,False,False,False,True,False,False,False,False,0.0,-0.4653324287550049
2022,41,0.0,0.0,2022,41,1361.0,59.0,128.0,685.0,561.5,123.825,76.01,487.0,3009.0,276,0,0.0,0.0,False,False,False,False,False,False,False,False,False,True,False,True,False,False,False,False,False,1435.0,1431.6826394736977
2022,6,0.0,0.0,2022,6,1568.0,27.0,42.0,583.5,518.5,65.12,92.63,100.5,436.0,31,0,0.0,0.0,False,False,False,True,False,False,False,False,False,False,False,True,False,False,False,False,False,1607.0,1607.6049078961519
2024,24,1026.0,1127.826923076923,2024,24,675.0,23.0,73.0,878.0,822.0,56.0,0.8252,127.0,433.0,163,1,1026.0,1127.826923076923,False,False,False,False,False,True,False,False,False,False,False,False,False,False,False,True,False,698.0,705.359934542977
2024,16,0.0,0.03773584905660377,2024,16,0.0,0.0,0.0,0.0,0.0,0.0,0.0,0.0,0.0,105,6,0.0,0.03773584905660377,False,False,False,False,False,False,False,False,False,False,False,False,False,True,False,False,False,0.0,0.012151099192550419
2023,42,872.0,0.09433962264150944,2023,42,0.0,0.0,0.0,0.0,0.0,0.0,0.0,0.0,0.0,294,5,872.0,0.09433962264150944,False,False,False,False,False,False,False,False,False,True,False,False,True,False,False,False,False,0.0,0.07185822674631481
2023,46,1091.0,1110.923076923077,2023,46,735.0,6.0,17.0,700.0,603.3333333,96.66666667,0.995166667,354.5,95.66666667,321,4,1091.0,1110.923076923077,False,False,False,False,False,False,False,False,True,False,False,False,False,False,False,False,False,746.0,748.4428554606327
2022,19,0.0,0.0,2022,19,0.0,0.0,0.0,0.0,0.0,0.0,0.0,0.0,0.0,121,6,0.0,0.0,False,False,False,False,False,False,False,True,False,False,False,False,False,True,False,False,False,0.0,-0.3144915203694154
2023,52,0.0,1358.25,2023,52,10.0,4.0,97.0,631.0,520.0,111.0,0.58335,679.0,966.0,359,0,0.0,1358.25,False,True,False,False,False,False,False,False,False,False,False,True,False,False,False,False,False,14.0,19.9161876872663
2023,19,1329.0,1296.8461538461538,2023,19,926.0,13.0,22.5,562.5,494.0,68.2,95.64,72.0,407.0,130,2,1329.0,1296.8461538461538,False,False,False,False,False,False,False,True,False,False,False,False,False,False,False,False,True,955.0,948.9720445672924
2023,30,1245.0,1205.7115384615386,2023,30,1119.0,44.0,58.5,591.5,514.5,76.635,0.8761,185.0,646.5,208,3,1245.0,1205.7115384615386,False,False,False,False,True,False,False,False,False,False,False,False,False,False,True,False,False,1171.0,1172.701697528089
2022,5,0.0,0.0,2022,5,1713.0,92.0,86.5,621.0,553.0,67.575,81.77,128.5,570.0,24,0,0.0,0.0,False,False,False,True,False,False,False,False,False,False,False,True,False,False,False,False,False,1819.0,1818.518179258956
2023,3,1125.0,1438.5961538461538,2023,3,1296.0,11.0,24.5,553.5,467.5,85.58,97.36,36.5,506.0,17,1,1125.0,1438.5961538461538,False,False,False,True,False,False,False,False,False,False,False,False,False,False,False,True,False,1325.0,1318.7050308084144
2022,21,0.0,0.0,2022,21,1000.0,19.0,46.5,584.0,507.0,77.175,93.87,226.0,904.0,140,4,0.0,0.0,False,False,False,False,False,False,False,True,False,False,False,False,False,False,False,False,False,1028.0,1027.1870337241874
2023,15,0.0,1358.25,2023,15,1282.0,12.0,27.5,545.0,480.5,64.725,95.87,58.0,383.0,100,0,0.0,1358.25,False,False,False,False,False,False,False,False,False,False,False,True,False,False,False,False,False,1305.0,1307.8938180704167
2022,11,0.0,0.0,2022,11,0.0,0.0,0.0,0.0,0.0,0.0,0.0,0.0,0.0,71,5,0.0,0.0,False,False,False,False,False,False,True,False,False,False,False,False,True,False,False,False,False,0.0,0.7159068554168755
2023,26,1021.0,1110.923076923077,2023,26,704.0,3.0,30.0,562.0,471.0,91.44,0.9549,10.0,650.5,181,4,1021.0,1110.923076923077,False,False,False,False,False,True,False,False,False,False,False,False,False,False,False,False,False,711.0,712.8757160044693
2022,17,0.0,0.0,2022,17,1580.0,13.0,30.0,619.0,533.0,86.335,95.07,43.0,400.0,108,0,0.0,0.0,False,False,False,False,False,False,False,False,False,False,False,True,False,False,False,False,False,1604.0,1606.399102149906
2023,34,0.0,0.0,2023,34,0.0,0.0,0.0,0.0,0.0,0.0,0.0,0.0,0.0,232,6,0.0,0.0,True,False,False,False,False,False,False,False,False,False,False,False,False,True,False,False,False,0.0,-0.30783560889599926
2024,27,819.0,1127.826923076923,2024,27,0.0,0.0,0.0,0.0,0.0,0.0,0.0,0.0,0.0,184,1,819.0,1127.826923076923,False,False,False,False,True,False,False,False,False,False,False,False,False,False,False,True,False,0.0,-0.6088301448247364
2022,35,0.0,0.0,2022,35,1039.0,51.0,94.5,586.5,498.0,88.365,83.43,112.5,1022.0,236,2,0.0,0.0,True,False,False,False,False,False,False,False,False,False,False,False,False,False,False,False,True,1099.0,1098.314753731573
2023,37,0.0,1358.25,2023,37,1190.0,235.0,347.0,707.0,602.5,104.755,0.43295,358.5,1432.5,254,0,0.0,1358.25,False,False,False,False,False,False,False,False,False,False,True,True,False,False,False,False,False,1431.0,1437.8026905459938
2022,25,0.0,0.0,2022,25,1168.0,27.0,91.0,582.0,490.5,91.4,82.42,146.5,634.0,166,2,0.0,0.0,False,False,False,False,False,True,False,False,False,False,False,False,False,False,False,False,True,1206.0,1204.2052911911826
2022,10,0.0,0.0,2022,10,1416.0,29.0,43.0,594.0,525.5,68.1,89.65,73.0,390.5,60,1,0.0,0.0,False,False,False,False,False,False,True,False,False,False,False,False,False,False,False,True,False,1454.0,1456.4250495575238
2023,18,0.0,1358.25,2023,18,1190.0,8.0,18.5,559.0,483.5,75.265,97.19,72.5,419.0,121,0,0.0,1358.25,False,False,False,False,False,False,False,True,False,False,False,True,False,False,False,False,False,1215.0,1210.9793239831984
2024,2,1180.0,885.1346153846154,2024,2,756.0,0.0,11.0,674.0,585.5,89.0,0.9963,0.0,58.0,12,4,1180.0,885.1346153846154,False,False,False,True,False,False,False,False,False,False,False,False,False,False,False,False,False,758.0,762.0734951935191
2023,24,1317.0,1438.5961538461538,2023,24,939.0,6.0,13.5,500.5,430.5,70.495,0.9905,71.0,158.0,164,1,1317.0,1438.5961538461538,False,False,False,False,False,True,False,False,False,False,False,False,False,False,False,True,False,957.0,952.7213392785341
2022,7,0.0,0.0,2022,7,1465.0,26.0,39.0,584.0,505.0,78.935,93.47,93.0,439.5,40,2,0.0,0.0,False,False,True,False,False,False,False,False,False,False,False,False,False,False,False,False,True,1500.0,1502.5633875409094
2023,9,1587.0,1438.5961538461538,2023,9,1354.0,33.0,53.0,527.5,457.0,70.16,91.15,114.5,903.0,59,1,1587.0,1438.5961538461538,False,False,True,False,False,False,False,False,False,False,False,False,False,False,False,True,False,1398.0,1399.3272616855543
2024,2,1447.0,1060.1153846153845,2024,2,816.0,1.0,10.5,728.0,636.5,92.0,0.9903,11.0,41.0,10,2,1447.0,1060.1153846153845,False,False,False,True,False,False,False,False,False,False,False,False,False,False,False,False,True,823.0,824.2295287546718
2023,33,1168.0,1110.923076923077,2023,33,806.0,13.0,44.0,604.5,511.0,93.015,0.917,125.5,600.0,230,4,1168.0,1110.923076923077,True,False,False,False,False,False,False,False,False,False,False,False,False,False,False,False,False,824.0,825.4038095758547
2024,31,1131.0,1127.826923076923,2024,31,729.0,6.0,18.0,820.0,726.0,95.0,0.9521,108.0,374.0,212,1,1131.0,1127.826923076923,False,False,False,False,True,False,False,False,False,False,False,False,False,False,False,True,False,752.0,742.3480706369115
2024,9,1398.0,1060.1153846153845,2024,9,762.0,3.0,10.5,687.5,595.5,91.5,0.98685,29.5,156.5,59,2,1398.0,1060.1153846153845,False,False,True,False,False,False,False,False,False,False,False,False,False,False,False,False,True,770.0,772.1173386968132
2022,39,0.0,0.0,2022,39,0.0,0.0,0.0,0.0,0.0,0.0,0.0,0.0,0.0,267,5,0.0,0.0,False,False,False,False,False,False,False,False,False,False,True,False,True,False,False,False,False,0.0,0.19050045498477175
2024,29,1570.0,885.1346153846154,2024,29,682.0,2.0,15.0,721.0,636.0,85.0,0.974,110.0,351.0,201,4,1570.0,885.1346153846154,False,False,False,False,True,False,False,False,False,False,False,False,False,False,False,False,False,692.0,689.8378801104876
2022,39,0.0,0.0,2022,39,1199.0,43.0,79.5,559.5,478.0,80.86,85.5,170.5,968.0,262,0,0.0,0.0,False,False,False,False,False,False,False,False,False,False,True,True,False,False,False,False,False,1249.0,1252.6369224032437
2022,39,0.0,0.0,2022,39,813.0,18.0,59.0,595.5,505.5,90.39,91.83,277.0,1363.5,266,4,0.0,0.0,False,False,False,False,False,False,False,False,False,False,True,False,False,False,False,False,False,836.0,838.4621804861067
2022,45,0.0,0.0,2022,45,929.0,19.0,32.0,587.0,503.5,83.525,95.15,94.5,464.0,308,4,0.0,0.0,False,False,False,False,False,False,False,False,True,False,False,False,False,False,False,False,False,957.0,956.2780093730555
2022,29,0.0,0.0,2022,29,1103.0,945.0,1109.0,615.5,544.5,71.15,3.69,552.0,3591.0,193,1,0.0,0.0,False,False,False,False,True,False,False,False,False,False,False,False,False,False,False,True,False,2055.0,2058.6695498833783
2023,44,0.0,0.0,2023,44,0.0,0.0,0.0,0.0,0.0,0.0,0.0,0.0,0.0,302,6,0.0,0.0,False,False,False,False,False,False,False,False,False,True,False,False,False,True,False,False,False,0.0,0.18623133605396447
2023,1,1278.0,0.09433962264150944,2023,1,0.0,0.0,0.0,0.0,0.0,0.0,0.0,0.0,0.0,7,5,1278.0,0.09433962264150944,False,False,False,True,False,False,False,False,False,False,False,False,True,False,False,False,False,0.0,-0.6430566575454293
2024,30,1204.0,1060.1153846153845,2024,30,627.0,188.0,552.0,829.0,742.0,86.0,0.1971,275.0,1569.0,206,2,1204.0,1060.1153846153845,False,False,False,False,True,False,False,False,False,False,False,False,False,False,False,False,True,832.0,822.0158139802902
2024,15,1305.0,1127.826923076923,2024,15,717.0,24.0,46.0,720.5,598.0,123.0,0.8896,243.0,852.5,100,1,1305.0,1127.826923076923,False,False,False,False,False,False,False,False,False,False,False,False,False,False,False,True,False,747.0,748.0489057813013
2023,49,1425.0,1296.8461538461538,2023,49,888.0,29.0,96.33333333,690.3333333,603.3333333,87.39,0.899033333,734.0,1253.333333,340,2,1425.0,1296.8461538461538,False,True,False,False,False,False,False,False,False,False,False,False,False,False,False,False,True,923.0,926.7821953291148
2022,44,0.0,0.0,2022,44,1244.0,61.0,93.0,616.0,526.5,89.11,79.7,133.0,684.0,297,0,0.0,0.0,False,False,False,False,False,False,False,False,False,True,False,True,False,False,False,False,False,1319.0,1316.214325924892
2022,12,0.0,0.0,2022,12,1441.0,212.0,260.5,578.0,496.5,81.865,50.12,208.5,1003.5,77,4,0.0,0.0,False,False,False,False,False,False,True,False,False,False,False,False,False,False,False,False,False,1666.0,1664.4505697733198
2023,13,0.0,0.0,2023,13,0.0,0.0,0.0,0.0,0.0,0.0,0.0,0.0,0.0,85,6,0.0,0.0,False,False,False,False,False,False,True,False,False,False,False,False,False,True,False,False,False,0.0,0.7081641284188436
2024,1,1224.0,0.057692307692307696,2024,1,0.0,0.0,0.0,0.0,0.0,0.0,0.0,0.0,0.0,6,5,1224.0,0.057692307692307696,False,False,False,True,False,False,False,False,False,False,False,False,True,False,False,False,False,0.0,-0.7689404720726429
2023,43,938.0,0.09433962264150944,2023,43,0.0,0.0,0.0,0.0,0.0,0.0,0.0,0.0,0.0,301,5,938.0,0.09433962264150944,False,False,False,False,False,False,False,False,False,True,False,False,True,False,False,False,False,0.0,0.0474136802722569
2024,22,830.0,0.057692307692307696,2024,22,0.0,0.0,0.0,0.0,0.0,0.0,0.0,0.0,0.0,153,5,830.0,0.057692307692307696,False,False,False,False,False,True,False,False,False,False,False,False,True,False,False,False,False,0.0,-0.378696688320332
2024,25,801.0,0.057692307692307696,2024,25,0.0,0.0,0.0,0.0,0.0,0.0,0.0,0.0,0.0,174,5,801.0,0.057692307692307696,False,False,False,False,False,True,False,False,False,False,False,False,True,False,False,False,False,0.0,-0.39188133031214534
2023,37,1090.0,1110.923076923077,2023,37,714.0,30.0,66.5,655.5,547.0,108.965,0.89835,221.0,1026.0,258,4,1090.0,1110.923076923077,False,False,False,False,False,False,False,False,False,False,True,False,False,False,False,False,False,757.0,750.871446114268
2022,10,0.0,0.0,2022,10,0.0,0.0,0.0,0.0,0.0,0.0,0.0,0.0,0.0,64,5,0.0,0.0,False,False,False,False,False,False,True,False,False,False,False,False,True,False,False,False,False,0.0,0.7228631471314202
2024,9,1347.0,885.1346153846154,2024,9,652.0,41.0,50.0,711.5,616.5,95.5,0.9065,495.0,1413.5,61,4,1347.0,885.1346153846154,False,False,False,False,False,False,True,False,False,False,False,False,False,False,False,False,False,694.0,699.9018712006109
2023,24,1225.0,1110.923076923077,2023,24,751.0,11.0,40.0,546.5,470.5,75.64,0.9361,90.5,649.0,167,4,1225.0,1110.923076923077,False,False,False,False,False,True,False,False,False,False,False,False,False,False,False,False,False,765.0,767.9698276374871
2024,9,0.0,1158.1153846153845,2024,9,832.0,13.0,29.0,707.0,616.5,90.5,0.9365,318.0,904.5,57,0,0.0,1158.1153846153845,False,False,True,False,False,False,False,False,False,False,False,True,False,False,False,False,False,852.0,854.3488367183373
2024,4,1518.0,885.1346153846154,2024,4,680.0,0.0,9.5,668.0,578.0,89.5,0.9902,0.0,122.5,26,4,1518.0,885.1346153846154,False,False,False,True,False,False,False,False,False,False,False,False,False,False,False,False,False,687.0,685.2619517786811
2024,27,898.0,0.057692307692307696,2024,27,0.0,0.0,0.0,0.0,0.0,0.0,0.0,0.0,0.0,188,5,898.0,0.057692307692307696,False,False,False,False,True,False,False,False,False,False,False,False,True,False,False,False,False,0.0,-0.5038225585026055
2023,38,836.0,0.09433962264150944,2023,38,0.0,0.0,0.0,0.0,0.0,0.0,0.0,0.0,0.0,266,5,836.0,0.09433962264150944,False,False,False,False,False,False,False,False,False,False,True,False,True,False,False,False,False,0.0,0.08487995844424745
2022,44,0.0,0.0,2022,44,959.0,10.0,31.0,640.0,535.5,103.93,95.47,342.5,601.0,300,3,0.0,0.0,False,False,False,False,False,False,False,False,False,True,False,False,False,False,True,False,False,978.0,978.7896180670109
2022,34,0.0,0.0,2022,34,0.0,0.0,0.0,0.0,0.0,0.0,0.0,0.0,0.0,232,5,0.0,0.0,True,False,False,False,False,False,False,False,False,False,False,False,True,False,False,False,False,0.0,-0.31400546532705675
2023,22,0.0,1358.25,2023,22,140.0,3.0,56.5,557.0,506.0,50.835,0.8859,96.5,658.5,149,0,0.0,1358.25,False,False,False,False,False,False,False,True,False,False,False,True,False,False,False,False,False,152.0,147.68495626087508
2022,14,0.0,0.0,2022,14,1559.0,112.0,115.5,586.5,503.5,82.84,74.54,145.0,768.5,89,2,0.0,0.0,False,False,False,False,False,False,True,False,False,False,False,False,False,False,False,False,True,1683.0,1683.4638184386786
2023,46,0.0,0.0,2023,46,0.0,0.0,0.0,0.0,0.0,0.0,0.0,0.0,0.0,316,6,0.0,0.0,False,False,False,False,False,False,False,False,True,False,False,False,False,True,False,False,False,0.0,0.2073374332941853
2023,41,1091.0,1205.7115384615386,2023,41,709.0,8.0,34.0,612.0,508.5,103.575,0.9493,55.5,572.0,285,3,1091.0,1205.7115384615386,False,False,False,False,False,False,False,False,False,True,False,False,False,False,True,False,False,725.0,724.8015794783007
2023,9,1349.0,1205.7115384615386,2023,9,1238.0,86.0,113.0,529.5,455.0,73.865,79.52,293.0,1472.0,61,3,1349.0,1205.7115384615386,False,False,False,False,False,False,True,False,False,False,False,False,False,False,True,False,False,1347.0,1336.880237721422
2022,41,0.0,0.0,2022,41,0.0,0.0,0.0,0.0,0.0,0.0,0.0,0.0,0.0,281,5,0.0,0.0,False,False,False,False,False,False,False,False,False,True,False,False,True,False,False,False,False,0.0,0.2009303547665695
2023,19,1081.0,0.09433962264150944,2023,19,0.0,0.0,0.0,0.0,0.0,0.0,0.0,0.0,0.0,133,5,1081.0,0.09433962264150944,False,False,False,False,False,False,False,True,False,False,False,False,True,False,False,False,False,0.0,-0.3893787567885454
2022,32,0.0,0.0,2022,32,951.0,140.0,191.0,620.0,534.5,85.545,64.21,343.0,2702.0,216,3,0.0,0.0,True,False,False,False,False,False,False,False,False,False,False,False,False,False,True,False,False,1094.0,1099.473627519235
2023,10,1527.0,1205.7115384615386,2023,10,1135.0,22.0,56.5,573.0,491.0,81.96,90.65,129.5,720.0,68,3,1527.0,1205.7115384615386,False,False,False,False,False,False,True,False,False,False,False,False,False,False,True,False,False,1173.0,1169.6594650190343
2023,14,0.0,1358.25,2023,14,1298.0,22.0,38.0,558.0,483.5,74.345,93.37,74.5,371.0,93,0,0.0,1358.25,False,False,False,False,False,False,False,False,False,False,False,True,False,False,False,False,False,1334.0,1333.957849794157
2024,11,0.0,0.03773584905660377,2024,11,0.0,0.0,0.0,0.0,0.0,0.0,0.0,0.0,0.0,70,6,0.0,0.03773584905660377,False,False,False,False,False,False,True,False,False,False,False,False,False,True,False,False,False,0.0,0.582012982962965
2022,31,0.0,0.0,2022,31,0.0,0.0,0.0,0.0,0.0,0.0,0.0,0.0,0.0,211,5,0.0,0.0,False,False,False,False,True,False,False,False,False,False,False,False,True,False,False,False,False,0.0,-0.2624501899709628
2024,20,994.0,1060.1153846153845,2024,20,698.0,88.0,169.0,820.0,713.5,107.0,0.73475,936.5,2579.5,136,2,994.0,1060.1153846153845,False,False,False,False,False,False,False,True,False,False,False,False,False,False,False,False,True,805.0,793.5809894294804
2022,15,0.0,0.0,2022,15,1455.0,38.0,85.5,592.5,506.0,87.18,84.24,115.0,757.5,97,3,0.0,0.0,False,False,False,False,False,False,False,False,False,False,False,False,False,False,True,False,False,1500.0,1505.2350266408057
2024,17,0.0,0.03773584905660377,2024,17,0.0,0.0,0.0,0.0,0.0,0.0,0.0,0.0,0.0,112,6,0.0,0.03773584905660377,False,False,False,False,False,False,False,False,False,False,False,False,False,True,False,False,False,0.0,0.005194807478005714
2024,32,1152.0,1060.1153846153845,2024,32,739.0,5.0,24.0,806.0,728.0,78.0,0.9486,147.0,891.0,220,2,1152.0,1060.1153846153845,True,False,False,False,False,False,False,False,False,False,False,False,False,False,False,False,True,759.0,751.0979781561139
2024,16,1317.0,1060.1153846153845,2024,16,767.0,21.0,47.5,712.0,589.0,123.0,0.9064,174.0,577.5,108,2,1317.0,1060.1153846153845,False,False,False,False,False,False,False,False,False,False,False,False,False,False,False,False,True,795.0,795.3570533423115
2024,18,1215.0,1127.826923076923,2024,18,729.0,7.0,23.0,798.0,696.0,102.0,0.95995,166.0,417.0,121,1,1215.0,1127.826923076923,False,False,False,False,False,False,False,False,False,False,False,False,False,False,False,True,False,743.0,743.4114293991381
2024,8,1231.0,0.057692307692307696,2024,8,0.0,0.0,0.0,0.0,0.0,0.0,0.0,0.0,0.0,55,5,1231.0,0.057692307692307696,False,False,True,False,False,False,False,False,False,False,False,False,True,False,False,False,False,0.0,-0.15603093443138505
2023,50,0.0,0.0,2023,50,0.0,0.0,0.0,0.0,0.0,0.0,0.0,0.0,0.0,344,6,0.0,0.0,False,True,False,False,False,False,False,False,False,False,False,False,False,True,False,False,False,0.0,1.0805912984644408
2024,22,843.0,997.6730769230769,2024,22,529.0,55.0,190.0,974.0,835.0,139.0,0.6549,383.0,3592.0,151,3,843.0,997.6730769230769,False,False,False,False,False,False,False,True,False,False,False,False,False,False,True,False,False,594.0,590.9615737951963
2022,39,0.0,0.0,2022,39,0.0,0.0,0.0,0.0,0.0,0.0,0.0,0.0,0.0,261,6,0.0,0.0,False,False,False,False,False,False,False,False,False,False,True,False,False,True,False,False,False,0.0,0.0878923816931092
2022,12,0.0,0.0,2022,12,1505.0,17.0,29.0,579.5,502.5,77.28,97.29,86.5,253.5,73,0,0.0,0.0,False,False,False,False,False,False,True,False,False,False,False,True,False,False,False,False,False,1529.0,1535.527490737365
2023,23,1144.0,1205.7115384615386,2023,23,850.0,10.0,34.5,528.5,462.5,66.14,0.93595,197.0,687.5,159,3,1144.0,1205.7115384615386,False,False,False,False,False,True,False,False,False,False,False,False,False,False,True,False,False,869.0,868.0007391320357
2022,8,0.0,0.0,2022,8,1496.0,40.0,55.0,583.5,508.0,75.4,89.74,184.0,785.0,45,0,0.0,0.0,False,False,True,False,False,False,False,False,False,False,False,True,False,False,False,False,False,1544.0,1548.7267473747834
2023,48,1505.0,1438.5961538461538,2023,48,977.0,15.0,24.33333333,732.3333333,666.6666667,65.87,0.968466667,436.0,417.0,332,1,1505.0,1438.5961538461538,False,False,False,False,False,False,False,False,True,False,False,False,False,False,False,True,False,1001.0,1001.5106850688953
2024,9,1614.0,1127.826923076923,2024,9,708.0,13.0,25.0,739.5,635.0,104.5,0.94715,293.0,834.5,58,1,1614.0,1127.826923076923,False,False,True,False,False,False,False,False,False,False,False,False,False,False,False,True,False,725.0,727.95752000536
2023,34,1178.0,1296.8461538461538,2023,34,926.0,59.0,145.5,608.5,524.5,83.68,0.764,263.5,1204.5,235,2,1178.0,1296.8461538461538,True,False,False,False,False,False,False,False,False,False,False,False,False,False,False,False,True,1007.0,992.8809056415557
2022,49,0.0,0.0,2022,49,1231.0,27.0,42.5,589.0,500.5,88.595,92.63,83.5,494.5,335,3,0.0,0.0,False,True,False,False,False,False,False,False,False,False,False,False,False,False,True,False,False,1270.0,1269.984644699227
2022,37,0.0,0.0,2022,37,1096.0,20.0,48.5,570.0,486.0,84.105,91.48,75.5,494.0,251,3,0.0,0.0,False,False,False,False,False,False,False,False,False,False,True,False,False,False,True,False,False,1125.0,1126.1974580258084
2023,5,0.0,1358.25,2023,5,1621.0,56.0,55.0,574.5,484.5,89.53,90.19,109.0,605.0,30,0,0.0,1358.25,False,False,False,True,False,False,False,False,False,False,False,True,False,False,False,False,False,1691.0,1692.1908287215
2023,17,1131.0,0.09433962264150944,2023,17,0.0,0.0,0.0,0.0,0.0,0.0,0.0,0.0,0.0,119,5,1131.0,0.09433962264150944,False,False,False,False,False,False,False,False,False,False,False,False,True,False,False,False,False,0.0,-0.051655307626987224
2024,29,1349.0,0.057692307692307696,2024,29,0.0,0.0,0.0,0.0,0.0,0.0,0.0,0.0,0.0,202,5,1349.0,0.057692307692307696,False,False,False,False,True,False,False,False,False,False,False,False,True,False,False,False,False,0.0,-0.6372382161216308
2022,49,0.0,0.0,2022,49,1174.0,25.0,61.0,603.0,513.0,90.11,86.83,131.5,578.5,334,2,0.0,0.0,False,False,False,False,False,False,False,False,True,False,False,False,False,False,False,False,True,1208.0,1208.8318078987304
2023,45,0.0,0.0,2023,45,0.0,0.0,0.0,0.0,0.0,0.0,0.0,0.0,0.0,309,6,0.0,0.0,False,False,False,False,False,False,False,False,True,False,False,False,False,True,False,False,False,0.0,0.21429372500873
2022,47,0.0,0.0,2022,47,1096.0,25.0,28.5,567.5,493.0,74.705,94.98,211.5,707.0,320,2,0.0,0.0,False,False,False,False,False,False,False,False,True,False,False,False,False,False,False,False,True,1128.0,1130.515848848243
2023,22,1248.0,1205.7115384615386,2023,22,986.0,23.0,32.5,564.0,498.5,65.69,0.9423,91.5,689.0,152,3,1248.0,1205.7115384615386,False,False,False,False,False,True,False,False,False,False,False,False,False,False,True,False,False,1018.0,1017.9030141069467
2023,36,1125.0,1110.923076923077,2023,36,942.0,208.0,318.0,650.0,546.0,104.005,0.5265,358.5,1968.5,251,4,1125.0,1110.923076923077,False,False,False,False,False,False,False,False,False,False,True,False,False,False,False,False,False,1159.0,1158.6586086111367
2023,12,2606.0,0.09433962264150944,2023,12,0.0,0.0,0.0,0.0,0.0,0.0,0.0,0.0,0.0,84,5,2606.0,0.09433962264150944,False,False,False,False,False,False,True,False,False,False,False,False,True,False,False,False,False,0.0,0.12737057962425524
2023,4,1819.0,1438.5961538461538,2023,4,1751.0,103.0,116.5,543.0,457.0,85.99,75.27,167.0,961.0,24,1,1819.0,1438.5961538461538,False,False,False,True,False,False,False,False,False,False,False,False,False,False,False,True,False,1862.0,1867.9766156033584
2024,17,1115.0,1127.826923076923,2024,17,668.0,4.0,21.0,790.5,678.0,112.5,0.96455,128.5,307.0,114,1,1115.0,1127.826923076923,False,False,False,False,False,False,False,False,False,False,False,False,False,False,False,True,False,679.0,679.0456505086433
2022,38,0.0,0.0,2022,38,1165.0,112.0,157.0,578.5,484.5,93.735,71.89,223.0,1183.0,255,0,0.0,0.0,False,False,False,False,False,False,False,False,False,False,True,True,False,False,False,False,False,1285.0,1287.5943984417872
2024,15,0.0,1158.1153846153845,2024,15,817.0,33.0,47.0,692.0,573.0,119.0,0.85005,197.5,778.0,99,0,0.0,1158.1153846153845,False,False,False,False,False,False,False,False,False,False,False,True,False,False,False,False,False,862.0,859.1545924004007
2024,25,0.0,1158.1153846153845,2024,25,0.0,0.0,0.0,0.0,0.0,0.0,0.0,0.0,0.0,169,0,0.0,1158.1153846153845,False,False,False,False,False,True,False,False,False,False,False,True,False,False,False,False,False,0.0,1.1048659368080678
2022,46,0.0,0.0,2022,46,1059.0,13.0,15.5,608.0,514.0,93.835,98.45,38.0,321.5,313,2,0.0,0.0,False,False,False,False,False,False,False,False,True,False,False,False,False,False,False,False,True,1078.0,1081.411396145565
2024,26,0.0,1158.1153846153845,2024,26,0.0,0.0,0.0,0.0,0.0,0.0,0.0,0.0,0.0,176,0,0.0,1158.1153846153845,False,False,False,False,False,True,False,False,False,False,False,True,False,False,False,False,False,0.0,1.0979096450934946
2024,33,0.0,0.03773584905660377,2024,33,0.0,0.0,0.0,0.0,0.0,0.0,0.0,0.0,0.0,224,6,0.0,0.03773584905660377,True,False,False,False,False,False,False,False,False,False,False,False,False,True,False,False,False,0.0,-0.4409430460664794
2022,10,0.0,0.0,2022,10,1325.0,12.0,49.0,570.0,497.5,72.13,92.78,97.5,692.0,61,2,0.0,0.0,False,False,False,False,False,False,True,False,False,False,False,False,False,False,False,False,True,1349.0,1347.9856565893033
2023,25,0.0,0.0,2023,25,0.0,0.0,0.0,0.0,0.0,0.0,0.0,0.0,0.0,169,6,0.0,0.0,False,False,False,False,False,True,False,False,False,False,False,False,False,True,False,False,False,0.0,-0.1422163735165327
2022,38,0.0,0.0,2022,38,0.0,0.0,0.0,0.0,0.0,0.0,0.0,0.0,0.0,260,5,0.0,0.0,False,False,False,False,False,False,False,False,False,False,True,False,True,False,False,False,False,0.0,0.19745674669931645
2023,9,1454.0,1296.8461538461538,2023,9,1304.0,118.0,158.0,533.5,466.0,67.72,69.19,230.0,1165.0,60,2,1454.0,1296.8461538461538,False,False,False,False,False,False,True,False,False,False,False,False,False,False,False,False,True,1431.0,1434.7151258766494
2022,52,0.0,0.0,2022,52,1587.0,33.0,46.5,575.5,479.0,96.635,91.42,102.5,624.0,353,0,0.0,0.0,False,True,False,False,False,False,False,False,False,False,False,True,False,False,False,False,False,1634.0,1634.0751257112247
2022,11,0.0,0.0,2022,11,1384.0,35.0,87.0,596.0,519.5,76.19,82.89,162.0,940.5,67,1,0.0,0.0,False,False,False,False,False,False,True,False,False,False,False,False,False,False,False,True,False,1437.0,1429.9882168634344
2023,37,1304.0,1296.8461538461538,2023,37,994.0,166.0,337.0,694.5,580.5,113.685,0.44135,246.5,1658.0,256,2,1304.0,1296.8461538461538,False,False,False,False,False,False,False,False,False,False,True,False,False,False,False,False,True,1167.0,1169.4370995953668
2022,53,0.0,0.0,2022,53,912.0,7.0,27.5,526.0,436.5,89.865,96.87,41.5,317.0,363,3,0.0,0.0,False,True,False,False,False,False,False,False,False,False,False,False,False,False,True,False,False,928.0,928.9639220445163
2024,26,1027.0,1127.826923076923,2024,26,0.0,0.0,0.0,0.0,0.0,0.0,0.0,0.0,0.0,177,1,1027.0,1127.826923076923,False,False,False,False,False,True,False,False,False,False,False,False,False,False,False,True,False,0.0,-0.5846621432222605
2024,19,929.0,1060.1153846153845,2024,19,737.0,22.0,45.5,826.0,703.0,123.0,0.90825,88.0,363.5,129,2,929.0,1060.1153846153845,False,False,False,False,False,False,False,True,False,False,False,False,False,False,False,False,True,764.0,766.4863936377811
2023,1,1347.0,1110.923076923077,2023,1,1191.0,16.0,30.0,522.0,431.0,91.215,96.01,72.0,433.5,6,4,1347.0,1110.923076923077,False,False,False,True,False,False,False,False,False,False,False,False,False,False,False,False,False,1224.0,1217.515564213195
2024,14,1334.0,1127.826923076923,2024,14,745.0,51.0,92.5,736.0,621.0,115.0,0.79085,545.0,1335.5,93,1,1334.0,1127.826923076923,False,False,False,False,False,False,False,False,False,False,False,False,False,False,False,True,False,797.0,803.3815096422896
2024,20,919.0,997.6730769230769,2024,20,705.0,8.0,28.0,794.0,689.0,105.0,0.95375,67.5,360.5,137,3,919.0,997.6730769230769,False,False,False,False,False,False,False,True,False,False,False,False,False,False,True,False,False,715.0,720.8381735518802
2022,17,0.0,0.0,2022,17,1337.0,6.0,35.0,590.5,507.0,82.925,91.74,68.5,344.5,111,3,0.0,0.0,False,False,False,False,False,False,False,False,False,False,False,False,False,False,True,False,False,1354.0,1354.4039096669221
2024,10,1332.0,1060.1153846153845,2024,10,714.0,12.0,23.0,689.5,600.0,89.5,0.95195,621.0,1712.0,66,2,1332.0,1060.1153846153845,False,False,False,False,False,False,True,False,False,False,False,False,False,False,False,False,True,733.0,733.5053371535582
2023,11,1728.0,1205.7115384615386,2023,11,1057.0,22.0,94.0,633.0,557.5,75.775,88.35,483.0,1548.0,75,3,1728.0,1205.7115384615386,False,False,False,False,False,False,True,False,False,False,False,False,False,False,True,False,False,1097.0,1091.4609935398555
2022,45,0.0,0.0,2022,45,1112.0,5.0,21.0,652.0,553.0,98.3,97.19,32.0,322.0,306,2,0.0,0.0,False,False,False,False,False,False,False,False,True,False,False,False,False,False,False,False,True,1126.0,1126.712290405429
2023,19,1444.0,1438.5961538461538,2023,19,920.0,3.0,26.0,555.0,483.5,71.77,94.97,30.0,434.0,129,1,1444.0,1438.5961538461538,False,False,False,False,False,False,False,True,False,False,False,False,False,False,False,True,False,929.0,932.840125202375
2022,43,0.0,0.0,2022,43,1199.0,48.0,73.0,648.5,525.5,122.92,85.91,323.5,2918.0,291,1,0.0,0.0,False,False,False,False,False,False,False,False,False,True,False,False,False,False,False,True,False,1254.0,1256.235107073317
2023,22,1.0,1438.5961538461538,2023,22,1009.0,23.0,35.5,545.0,483.0,61.765,0.9459,120.5,614.5,150,1,1.0,1438.5961538461538,False,False,False,False,False,False,False,True,False,False,False,False,False,False,False,True,False,1040.0,1040.3858977652794
2023,51,1634.0,1438.5961538461538,2023,51,870.0,4.0,92.33333333,579.6666667,491.6666667,88.42333333,0.898066667,274.0,636.0,353,1,1634.0,1438.5961538461538,False,True,False,False,False,False,False,False,False,False,False,False,False,False,False,True,False,882.0,882.7518593153786
2023,3,1742.0,1296.8461538461538,2023,3,1273.0,20.0,35.5,545.5,453.5,91.69,95.0,163.0,647.5,18,2,1742.0,1296.8461538461538,False,False,False,True,False,False,False,False,False,False,False,False,False,False,False,False,True,1303.0,1304.477065533827
2023,34,0.0,1358.25,2023,34,1038.0,10.0,32.0,585.0,508.5,76.4,0.95685,41.0,438.0,233,0,0.0,1358.25,True,False,False,False,False,False,False,False,False,False,False,True,False,False,False,False,False,1057.0,1057.8137870710382
2024,14,1066.0,885.1346153846154,2024,14,700.0,19.0,47.0,682.0,575.0,107.0,0.88685,305.5,1375.5,96,4,1066.0,885.1346153846154,False,False,False,False,False,False,False,False,False,False,False,False,False,False,False,False,False,730.0,725.1384531993393
2024,30,0.0,1158.1153846153845,2024,30,936.0,66.0,130.0,845.0,764.0,81.0,0.6848,152.0,793.0,204,0,0.0,1158.1153846153845,False,False,False,False,True,False,False,False,False,False,False,True,False,False,False,False,False,1012.0,1012.2942232302087
2022,21,0.0,0.0,2022,21,1045.0,10.0,23.0,602.0,522.0,79.86,96.89,147.0,754.0,138,2,0.0,0.0,False,False,False,False,False,False,False,True,False,False,False,False,False,False,False,False,True,1062.0,1063.783572365102
2022,47,0.0,0.0,2022,47,908.0,50.0,58.0,586.5,516.5,70.015,94.25,323.0,2690.5,322,4,0.0,0.0,False,False,False,False,False,False,False,False,True,False,False,False,False,False,False,False,False,964.0,965.6917560017787
2022,48,0.0,0.0,2022,48,510.0,16.0,31.5,569.0,507.5,61.725,94.45,91.0,236.5,329,4,0.0,0.0,False,False,False,False,False,False,False,False,True,False,False,False,False,False,False,False,False,528.0,531.9536592093809
2022,26,0.0,0.0,2022,26,886.0,12.0,37.5,559.5,489.5,70.015,95.38,293.5,854.0,175,4,0.0,0.0,False,False,False,False,False,True,False,False,False,False,False,False,False,False,False,False,False,901.0,905.5540090433251
2023,51,0.0,0.0,2023,51,0.0,0.0,0.0,0.0,0.0,0.0,0.0,0.0,0.0,351,6,0.0,0.0,False,True,False,False,False,False,False,False,False,False,False,False,False,True,False,False,False,0.0,1.073635006749896
2023,37,1190.0,1205.7115384615386,2023,37,783.0,32.0,149.0,635.0,525.0,109.92,0.81425,258.0,1327.5,257,3,1190.0,1205.7115384615386,False,False,False,False,False,False,False,False,False,False,True,False,False,False,True,False,False,822.0,823.2410827243737
2023,24,1182.0,1296.8461538461538,2023,24,851.0,5.0,22.0,548.5,476.5,72.73,0.97965,35.5,304.0,165,2,1182.0,1296.8461538461538,False,False,False,False,False,True,False,False,False,False,False,False,False,False,False,False,True,862.0,863.4961027945837
2022,43,0.0,0.0,2022,43,0.0,0.0,0.0,0.0,0.0,0.0,0.0,0.0,0.0,295,5,0.0,0.0,False,False,False,False,False,False,False,False,False,True,False,False,True,False,False,False,False,0.0,0.18701777133745168
2022,24,0.0,0.0,2022,24,1118.0,14.0,18.0,603.0,526.5,76.615,97.56,93.0,246.0,159,2,0.0,0.0,False,False,False,False,False,True,False,False,False,False,False,False,False,False,False,False,True,1144.0,1141.520794386795
2023,49,1167.0,0.09433962264150944,2023,49,0.0,0.0,0.0,0.0,0.0,0.0,0.0,0.0,0.0,343,5,1167.0,0.09433962264150944,False,True,False,False,False,False,False,False,False,False,False,False,True,False,False,False,False,0.0,0.8810946981383552
2022,46,0.0,0.0,2022,46,810.0,6.0,13.0,729.5,604.0,125.82,98.87,29.0,165.0,315,4,0.0,0.0,False,False,False,False,False,False,False,False,True,False,False,False,False,False,False,False,False,824.0,824.3684331996901
2022,13,0.0,0.0,2022,13,0.0,0.0,0.0,0.0,0.0,0.0,0.0,0.0,0.0,79,6,0.0,0.0,False,False,False,False,False,False,True,False,False,False,False,False,False,True,False,False,False,0.0,0.5993861986961235
2023,21,0.0,1358.25,2023,21,1061.0,13.0,22.5,500.5,439.0,61.335,0.97645,111.0,444.5,142,0,0.0,1358.25,False,False,False,False,False,False,False,True,False,False,False,True,False,False,False,False,False,1079.0,1083.7125936854773
2022,37,0.0,0.0,2022,37,0.0,0.0,0.0,0.0,0.0,0.0,0.0,0.0,0.0,248,0,0.0,0.0,False,False,False,False,False,False,False,False,False,False,True,True,False,False,False,False,False,0.0,-0.5141316783669936
2022,33,0.0,0.0,2022,33,0.0,0.0,0.0,0.0,0.0,0.0,0.0,0.0,0.0,219,6,0.0,0.0,True,False,False,False,False,False,False,False,False,False,False,False,False,True,False,False,False,0.0,-0.409657246904203
2023,33,1429.0,1438.5961538461538,2023,33,920.0,48.0,146.5,638.5,554.5,84.26,0.7608,314.5,1485.5,227,1,1429.0,1438.5961538461538,True,False,False,False,False,False,False,False,False,False,False,False,False,False,False,True,False,980.0,975.9033408972737
2024,32,0.0,1158.1153846153845,2024,32,851.0,62.0,150.0,772.0,702.0,70.0,0.6306,140.0,1182.0,218,0,0.0,1158.1153846153845,True,False,False,False,False,False,False,False,False,False,False,True,False,False,False,False,False,923.0,922.2643121846792
2023,25,8.0,1438.5961538461538,2023,25,937.0,12.0,24.0,543.0,469.0,74.075,0.96675,40.5,268.5,171,1,8.0,1438.5961538461538,False,False,False,False,False,True,False,False,False,False,False,False,False,False,False,True,False,951.0,957.1123999300952
2023,44,0.0,1358.25,2023,44,847.0,52.0,94.33333333,782.0,649.6666667,131.8266667,0.82,359.0,596.3333333,303,0,0.0,1358.25,False,False,False,False,False,False,False,False,False,True,False,True,False,False,False,False,False,909.0,909.4129139646512
2022,11,0.0,0.0,2022,11,1549.0,113.0,176.5,575.5,502.0,73.83,65.56,219.0,896.0,66,0,0.0,0.0,False,False,False,False,False,False,True,False,False,False,False,True,False,False,False,False,False,1672.0,1675.3557763596928
2022,22,0.0,0.0,2022,22,0.0,0.0,0.0,0.0,0.0,0.0,0.0,0.0,0.0,142,6,0.0,0.0,False,False,False,False,False,False,False,True,False,False,False,False,False,True,False,False,False,0.0,-0.33536039551307795
2022,30,0.0,0.0,2022,30,1145.0,561.0,760.0,631.5,549.5,82.03,24.65,515.5,2996.0,199,0,0.0,0.0,False,False,False,False,True,False,False,False,False,False,False,True,False,False,False,False,False,1713.0,1717.0281527544457
2024,21,801.0,885.1346153846154,2024,21,503.0,12.0,35.0,855.0,735.5,119.5,0.9385,191.0,394.0,145,4,801.0,885.1346153846154,False,False,False,False,False,False,False,True,False,False,False,False,False,False,False,False,False,516.0,520.7488783809254
2022,36,0.0,0.0,2022,36,898.0,54.0,122.0,566.0,478.5,87.79,74.43,191.5,1788.5,245,4,0.0,0.0,False,False,False,False,False,False,False,False,False,False,True,False,False,False,False,False,False,957.0,959.3247353086414
2023,39,1076.0,1205.7115384615386,2023,39,747.0,19.0,38.5,657.5,555.5,102.255,0.9168,103.5,507.0,271,3,1076.0,1205.7115384615386,False,False,False,False,False,False,False,False,False,False,True,False,False,False,True,False,False,777.0,774.3877957994313
2022,30,0.0,0.0,2022,30,1083.0,394.0,541.0,640.0,546.0,94.3,24.3,405.0,2134.0,200,1,0.0,0.0,False,False,False,False,True,False,False,False,False,False,False,False,False,False,False,True,False,1490.0,1485.7921251514927
2024,3,1.0,0.03773584905660377,2024,3,0.0,0.0,0.0,0.0,0.0,0.0,0.0,0.0,0.0,14,6,1.0,0.03773584905660377,False,False,False,True,False,False,False,False,False,False,False,False,False,True,False,False,False,0.0,-0.5614329865530863
2023,15,1523.0,1205.7115384615386,2023,15,763.0,9.0,13.5,560.5,493.0,67.57,98.49,48.0,170.0,103,3,1523.0,1205.7115384615386,False,False,False,False,False,False,False,False,False,False,False,False,False,False,True,False,False,790.0,782.2626330710862
2022,41,0.0,0.0,2022,41,1084.0,63.0,157.5,647.5,517.5,129.71,85.42,306.5,1947.0,278,2,0.0,0.0,False,False,False,False,False,False,False,False,False,True,False,False,False,False,False,False,True,1157.0,1156.203694296919
2024,11,1209.0,1060.1153846153845,2024,11,660.0,20.0,32.5,704.0,613.0,91.0,0.91525,155.0,301.5,73,2,1209.0,1060.1153846153845,False,False,False,False,False,False,True,False,False,False,False,False,False,False,False,False,True,684.0,687.4492759471482
2022,8,0.0,0.0,2022,8,0.0,0.0,0.0,0.0,0.0,0.0,0.0,0.0,0.0,50,5,0.0,0.0,False,False,True,False,False,False,False,False,False,False,False,False,True,False,False,False,False,0.0,0.20140279542687267
2023,48,0.0,1358.25,2023,48,995.0,8.0,32.33333333,689.6666667,606.0,83.51666667,0.9478,493.5,366.3333333,331,0,0.0,1358.25,False,False,False,False,False,False,False,False,True,False,False,True,False,False,False,False,False,1013.0,1013.9443343323161
2024,17,1030.0,885.1346153846154,2024,17,582.0,5.0,17.0,793.5,696.0,97.5,0.9833,89.5,390.5,117,4,1030.0,885.1346153846154,False,False,False,False,False,False,False,False,False,False,False,False,False,False,False,False,False,591.0,593.1202317664704
2022,51,0.0,0.0,2022,51,1379.0,35.0,39.5,554.5,476.0,78.715,94.67,76.0,337.5,347,1,0.0,0.0,False,True,False,False,False,False,False,False,False,False,False,False,False,False,False,True,False,1428.0,1425.6790007044615
2022,47,0.0,0.0,2022,47,0.0,0.0,0.0,0.0,0.0,0.0,0.0,0.0,0.0,317,6,0.0,0.0,False,False,False,False,False,False,False,False,True,False,False,False,False,True,False,False,False,0.0,0.09160321185692055
2024,20,0.0,0.03773584905660377,2024,20,0.0,0.0,0.0,0.0,0.0,0.0,0.0,0.0,0.0,133,6,0.0,0.03773584905660377,False,False,False,False,False,False,False,True,False,False,False,False,False,True,False,False,False,0.0,-0.3527336112462365
2023,39,1033.0,1296.8461538461538,2023,39,865.0,96.0,169.0,664.0,566.5,97.495,0.70255,300.0,1838.5,270,2,1033.0,1296.8461538461538,False,False,False,False,False,False,False,False,False,False,True,False,False,False,False,False,True,968.0,969.3927092822447
2022,46,0.0,0.0,2022,46,1076.0,8.0,44.0,617.0,519.5,97.63,91.51,88.5,441.5,312,1,0.0,0.0,False,False,False,False,False,False,False,False,True,False,False,False,False,False,False,True,False,1091.0,1093.1181383265211
2024,32,1031.0,997.6730769230769,2024,32,702.0,14.0,68.0,844.0,769.0,75.0,0.8458,109.0,602.0,221,3,1031.0,997.6730769230769,True,False,False,False,False,False,False,False,False,False,False,False,False,False,True,False,False,720.0,723.9554059970766
2022,31,0.0,0.0,2022,31,786.0,253.0,548.0,621.5,515.0,106.86,32.64,446.5,2818.5,210,4,0.0,0.0,False,False,False,False,True,False,False,False,False,False,False,False,False,False,False,False,False,1042.0,1045.2321691215654
2023,27,0.0,1438.5961538461538,2023,27,131.0,1.0,18.0,676.0,616.0,60.0,0.9632,25.0,74.0,185,1,0.0,1438.5961538461538,False,False,False,False,True,False,False,False,False,False,False,False,False,False,False,True,False,136.0,136.15803282635034
2022,6,0.0,0.0,2022,6,1152.0,35.0,57.5,591.5,524.5,66.785,88.14,126.0,496.5,34,3,0.0,0.0,False,False,True,False,False,False,False,False,False,False,False,False,False,False,True,False,False,1205.0,1197.6129628336732
2022,6,0.0,0.0,2022,6,1521.0,31.0,40.0,591.0,521.0,69.975,93.62,86.0,389.0,32,1,0.0,0.0,False,False,True,False,False,False,False,False,False,False,False,False,False,False,False,True,False,1567.0,1563.6936555458856
2023,50,1319.0,1110.923076923077,2023,50,735.0,12.0,58.66666667,600.6666667,532.3333333,68.36333333,0.9009,576.5,458.0,349,4,1319.0,1110.923076923077,False,True,False,False,False,False,False,False,False,False,False,False,False,False,False,False,False,755.0,754.9037968934102
2023,10,1386.0,1110.923076923077,2023,10,1048.0,23.0,66.0,617.5,509.0,108.56,88.66,192.0,762.0,69,4,1386.0,1110.923076923077,False,False,False,False,False,False,True,False,False,False,False,False,False,False,False,False,False,1081.0,1082.0645463229525
